N;AC;RIO BRANCO;POSTO TRIÂNGULO LTDA.; 04.045.191/0001-69;RUA BOULEVARD AUGUSTO MONTEIRO;1268;0;TRIÂNGULO;69901-230;GASOLINA;6,97;R$ / litro;VIBRA ENERGIA
N;AC;RIO BRANCO;POSTO TRIÂNGULO LTDA.; 04.045.191/0001-69;RUA BOULEVARD AUGUSTO MONTEIRO;1268;0;TRIÂNGULO;69901-230;ETANOL;6,1;R$ / litro;VIBRA ENERGIA
N;AC;RIO BRANCO;POSTO TRIÂNGULO LTDA.; 04.045.191/0001-69;RUA BOULEVARD AUGUSTO MONTEIRO;1268;0;TRIÂNGULO;69901-230;DIESEL;6,07;R$ / litro;VIBRA ENERGIA
N;AC;RIO BRANCO;POSTO TRIÂNGULO LTDA.; 04.045.191/0001-69;RUA BOULEVARD AUGUSTO MONTEIRO;1268;0;TRIÂNGULO;69901-230;GASOLINA ADITIVADA;6,99;R$ / litro;VIBRA ENERGIA
N;AC;RIO BRANCO;POSTO TRIÂNGULO LTDA.; 04.045.191/0001-69;RUA BOULEVARD AUGUSTO MONTEIRO;1268;0;TRIÂNGULO;69901-230;DIESEL S10;6,09;R$ / litro;VIBRA ENERGIA
NE;AL;ARAPIRACA;POSTO ARAPIRACA LTDA; 12.451.076/0004-65;RODOVIA AL 220;105;KM 68;CANAFISTULA;57302-605;GASOLINA;6,69;R$ / litro;VIBRA ENERGIA
NE;AL;ARAPIRACA;POSTO ARAPIRACA LTDA; 12.451.076/0004-65;RODOVIA AL 220;105;KM 68;CANAFISTULA;57302-605;ETANOL;5,29;R$ / litro;VIBRA ENERGIA
NE;AL;ARAPIRACA;POSTO ARAPIRACA LTDA; 12.451.076/0004-65;RODOVIA AL 220;105;KM 68;CANAFISTULA;57302-605;DIESEL;5,49;R$ / litro;VIBRA ENERGIA
NE;AL;ARAPIRACA;POSTO ARAPIRACA LTDA; 12.451.076/0004-65;RODOVIA AL 220;105;KM 68;CANAFISTULA;57302-605;GASOLINA ADITIVADA;6,79;R$ / litro;VIBRA ENERGIA
NE;AL;ARAPIRACA;POSTO ARAPIRACA LTDA; 12.451.076/0004-65;RODOVIA AL 220;105;KM 68;CANAFISTULA;57302-605;DIESEL S10;5,59;R$ / litro;VIBRA ENERGIA
NE;BA;ILHEUS;IVAN COELHO PORTO & IRMAOS LTDA; 13.322.102/0001-75;RUA A ROD ILHEUS OLIVENCA;SN;KM 0;SAO FRANCISCO;45650-780;GASOLINA;7,05;R$ / litro;BRANCA
NE;BA;ILHEUS;IVAN COELHO PORTO & IRMAOS LTDA; 13.322.102/0001-75;RUA A ROD ILHEUS OLIVENCA;SN;KM 0;SAO FRANCISCO;45650-780;ETANOL;5,77;R$ / litro;BRANCA
NE;BA;ILHEUS;IVAN COELHO PORTO & IRMAOS LTDA; 13.322.102/0001-75;RUA A ROD ILHEUS OLIVENCA;SN;KM 0;SAO FRANCISCO;45650-780;DIESEL;5,87;R$ / litro;BRANCA
NE;BA;ILHEUS;IVAN COELHO PORTO & IRMAOS LTDA; 13.322.102/0001-75;RUA A ROD ILHEUS OLIVENCA;SN;KM 0;SAO FRANCISCO;45650-780;GASOLINA ADITIVADA;7,05;R$ / litro;BRANCA
NE;BA;ILHEUS;IVAN COELHO PORTO & IRMAOS LTDA; 13.322.102/0001-75;RUA A ROD ILHEUS OLIVENCA;SN;KM 0;SAO FRANCISCO;45650-780;DIESEL S10;5,97;R$ / litro;BRANCA
NE;BA;SALVADOR;PETROMERC DERIVADOS DE PETROLEO LTDA.; 03.562.365/0009-55;AVENIDA SUBURBANA;S/N;AV. AFRANIO PEIXOTO;ITACARANHA;40713-580;GASOLINA;6,51;R$ / litro;BRANCA
NE;BA;SALVADOR;PETROMERC DERIVADOS DE PETROLEO LTDA.; 03.562.365/0009-55;AVENIDA SUBURBANA;S/N;AV. AFRANIO PEIXOTO;ITACARANHA;40713-580;ETANOL;5,29;R$ / litro;BRANCA
NE;BA;SALVADOR;PETROMERC DERIVADOS DE PETROLEO LTDA.; 03.562.365/0009-55;AVENIDA SUBURBANA;S/N;AV. AFRANIO PEIXOTO;ITACARANHA;40713-580;GASOLINA ADITIVADA;6,51;R$ / litro;BRANCA
NE;BA;SALVADOR;PETROMERC DERIVADOS DE PETROLEO LTDA.; 03.562.365/0009-55;AVENIDA SUBURBANA;S/N;AV. AFRANIO PEIXOTO;ITACARANHA;40713-580;DIESEL S10;5,39;R$ / litro;BRANCA
NE;BA;SALVADOR;R-1 COMERCIO DE COMBUSTIVEIS LTDA; 06.068.831/0001-81;AVENIDA ULYSSES GUIMARAES;1454;POSTO DE GASOLINA;SUSSUARANA;41213-000;GASOLINA;6,54;R$ / litro;RAIZEN
NE;BA;SALVADOR;R-1 COMERCIO DE COMBUSTIVEIS LTDA; 06.068.831/0001-81;AVENIDA ULYSSES GUIMARAES;1454;POSTO DE GASOLINA;SUSSUARANA;41213-000;ETANOL;5,29;R$ / litro;RAIZEN
NE;BA;SALVADOR;R-1 COMERCIO DE COMBUSTIVEIS LTDA; 06.068.831/0001-81;AVENIDA ULYSSES GUIMARAES;1454;POSTO DE GASOLINA;SUSSUARANA;41213-000;GASOLINA ADITIVADA;6,74;R$ / litro;RAIZEN
NE;BA;SALVADOR;R-1 COMERCIO DE COMBUSTIVEIS LTDA; 06.068.831/0001-81;AVENIDA ULYSSES GUIMARAES;1454;POSTO DE GASOLINA;SUSSUARANA;41213-000;DIESEL S10;5,49;R$ / litro;RAIZEN
NE;BA;SALVADOR;PLUS BRASIL COMERCIO E REPRESENTACOES LTDA; 04.674.977/0001-45;AVENIDA GENERAL SAN MARTIN;1387;GL;FAZENDA GRANDE DO RETIRO;40354-185;GASOLINA;6,55;R$ / litro;VIBRA ENERGIA
NE;BA;SALVADOR;PLUS BRASIL COMERCIO E REPRESENTACOES LTDA; 04.674.977/0001-45;AVENIDA GENERAL SAN MARTIN;1387;GL;FAZENDA GRANDE DO RETIRO;40354-185;ETANOL;5,29;R$ / litro;VIBRA ENERGIA
NE;BA;SALVADOR;PLUS BRASIL COMERCIO E REPRESENTACOES LTDA; 04.674.977/0001-45;AVENIDA GENERAL SAN MARTIN;1387;GL;FAZENDA GRANDE DO RETIRO;40354-185;GASOLINA ADITIVADA;6,59;R$ / litro;VIBRA ENERGIA
NE;BA;SALVADOR;PLUS BRASIL COMERCIO E REPRESENTACOES LTDA; 04.674.977/0001-45;AVENIDA GENERAL SAN MARTIN;1387;GL;FAZENDA GRANDE DO RETIRO;40354-185;GNV;4,09;R$ / m³;VIBRA ENERGIA
NE;BA;SALVADOR;GRL ORGANIZACAO REVENDEDORA DE COMBUSTIVEIS, LUBRIFICANTES LTDA; 40.511.529/0002-75;ESTRADA CAMPINAS PIRAJA;1;": LOTEAMENTO JARDIM;";CAMPINAS DE PIRAJA;41270-000;GASOLINA;6,99;R$ / litro;RAIZEN
NE;BA;SALVADOR;GRL ORGANIZACAO REVENDEDORA DE COMBUSTIVEIS, LUBRIFICANTES LTDA; 40.511.529/0002-75;ESTRADA CAMPINAS PIRAJA;1;": LOTEAMENTO JARDIM;";CAMPINAS DE PIRAJA;41270-000;ETANOL;5,67;R$ / litro;RAIZEN
NE;BA;SALVADOR;GRL ORGANIZACAO REVENDEDORA DE COMBUSTIVEIS, LUBRIFICANTES LTDA; 40.511.529/0002-75;ESTRADA CAMPINAS PIRAJA;1;": LOTEAMENTO JARDIM;";CAMPINAS DE PIRAJA;41270-000;DIESEL;5,69;R$ / litro;RAIZEN
NE;BA;SALVADOR;GRL ORGANIZACAO REVENDEDORA DE COMBUSTIVEIS, LUBRIFICANTES LTDA; 40.511.529/0002-75;ESTRADA CAMPINAS PIRAJA;1;": LOTEAMENTO JARDIM;";CAMPINAS DE PIRAJA;41270-000;GASOLINA ADITIVADA;7,29;R$ / litro;RAIZEN
NE;BA;SALVADOR;GRL ORGANIZACAO REVENDEDORA DE COMBUSTIVEIS, LUBRIFICANTES LTDA; 40.511.529/0002-75;ESTRADA CAMPINAS PIRAJA;1;": LOTEAMENTO JARDIM;";CAMPINAS DE PIRAJA;41270-000;DIESEL S10;5,77;R$ / litro;RAIZEN
NE;BA;SALVADOR;POSTO DE COMBUSTIVEIS BEIRA MAR LTDA; 03.577.874/0001-02;AVENIDA AFRANIO PEIXOTO;5444;ALTO DO LUSO;PLATAFORMA;40717-140;GASOLINA;6,51;R$ / litro;BRANCA
NE;BA;SALVADOR;POSTO DE COMBUSTIVEIS BEIRA MAR LTDA; 03.577.874/0001-02;AVENIDA AFRANIO PEIXOTO;5444;ALTO DO LUSO;PLATAFORMA;40717-140;ETANOL;5,29;R$ / litro;BRANCA
NE;BA;SALVADOR;POSTO DE COMBUSTIVEIS BEIRA MAR LTDA; 03.577.874/0001-02;AVENIDA AFRANIO PEIXOTO;5444;ALTO DO LUSO;PLATAFORMA;40717-140;DIESEL S10;5,43;R$ / litro;BRANCA
NE;BA;SALVADOR;WHL COMERCIAL LTDA.; 03.266.429/0001-13;LARGO LAPINHA;48;POSTO BR;LAPINHA;40325-220;GASOLINA;6,55;R$ / litro;VIBRA ENERGIA
NE;BA;SALVADOR;WHL COMERCIAL LTDA.; 03.266.429/0001-13;LARGO LAPINHA;48;POSTO BR;LAPINHA;40325-220;ETANOL;5,33;R$ / litro;VIBRA ENERGIA
NE;BA;SALVADOR;WHL COMERCIAL LTDA.; 03.266.429/0001-13;LARGO LAPINHA;48;POSTO BR;LAPINHA;40325-220;GASOLINA ADITIVADA;6,65;R$ / litro;VIBRA ENERGIA
SE;ES;SERRA;MAKRO ATACADISTA S.A; 47.427.653/0067-41;RODOVIA BR 101 NORTE;S/N;KM 265+200M;CARAPINA;29176-798;GASOLINA;6,52;R$ / litro;VIBRA ENERGIA
SE;ES;SERRA;MAKRO ATACADISTA S.A; 47.427.653/0067-41;RODOVIA BR 101 NORTE;S/N;KM 265+200M;CARAPINA;29176-798;ETANOL;5,69;R$ / litro;VIBRA ENERGIA
SE;ES;SERRA;MAKRO ATACADISTA S.A; 47.427.653/0067-41;RODOVIA BR 101 NORTE;S/N;KM 265+200M;CARAPINA;29176-798;GASOLINA ADITIVADA;6,59;R$ / litro;VIBRA ENERGIA
SE;ES;SERRA;MAKRO ATACADISTA S.A; 47.427.653/0067-41;RODOVIA BR 101 NORTE;S/N;KM 265+200M;CARAPINA;29176-798;DIESEL S10;4,99;R$ / litro;VIBRA ENERGIA
N;TO;ARAGUAINA;AUTO POSTO IPANEMA LTDA; 33.567.231/0002-11;AVENIDA CASTELO BRANCO;316;QD. 59, LT. 01;SAO JOAO;77805-110;GASOLINA;6,89;R$ / litro;IPIRANGA
N;TO;ARAGUAINA;AUTO POSTO IPANEMA LTDA; 33.567.231/0002-11;AVENIDA CASTELO BRANCO;316;QD. 59, LT. 01;SAO JOAO;77805-110;ETANOL;5,89;R$ / litro;IPIRANGA
N;TO;ARAGUAINA;AUTO POSTO IPANEMA LTDA; 33.567.231/0002-11;AVENIDA CASTELO BRANCO;316;QD. 59, LT. 01;SAO JOAO;77805-110;GASOLINA ADITIVADA;6,99;R$ / litro;IPIRANGA
N;TO;ARAGUAINA;AUTO POSTO IPANEMA LTDA; 33.567.231/0002-11;AVENIDA CASTELO BRANCO;316;QD. 59, LT. 01;SAO JOAO;77805-110;DIESEL S10;5,19;R$ / litro;IPIRANGA
N;TO;ARAGUAINA;BEATRIZ TEIXEIRA LACERDA CAMPOS; 02.991.502/0001-57;AVENIDA SANTOS DUMONT;535;CASA;SETOR RODOVIARIO;77818-010;GASOLINA;6,94;R$ / litro;IPIRANGA
N;TO;ARAGUAINA;BEATRIZ TEIXEIRA LACERDA CAMPOS; 02.991.502/0001-57;AVENIDA SANTOS DUMONT;535;CASA;SETOR RODOVIARIO;77818-010;ETANOL;5,95;R$ / litro;IPIRANGA
N;TO;ARAGUAINA;BEATRIZ TEIXEIRA LACERDA CAMPOS; 02.991.502/0001-57;AVENIDA SANTOS DUMONT;535;CASA;SETOR RODOVIARIO;77818-010;DIESEL;5,23;R$ / litro;IPIRANGA
N;TO;ARAGUAINA;BEATRIZ TEIXEIRA LACERDA CAMPOS; 02.991.502/0001-57;AVENIDA SANTOS DUMONT;535;CASA;SETOR RODOVIARIO;77818-010;GASOLINA ADITIVADA;6,96;R$ / litro;IPIRANGA
N;TO;ARAGUAINA;BEATRIZ TEIXEIRA LACERDA CAMPOS; 02.991.502/0001-57;AVENIDA SANTOS DUMONT;535;CASA;SETOR RODOVIARIO;77818-010;DIESEL S10;5,23;R$ / litro;IPIRANGA
CO;GO;CALDAS NOVAS;AUTO POSTO DO TURISTA LTDA - ME; 02.279.387/0001-92;RUA PEDRO BRANCO DE SOUZA;7;QD. 11 LT. 06;CENTRO;75690-000;GASOLINA;6,97;R$ / litro;IPIRANGA
CO;GO;CALDAS NOVAS;AUTO POSTO DO TURISTA LTDA - ME; 02.279.387/0001-92;RUA PEDRO BRANCO DE SOUZA;7;QD. 11 LT. 06;CENTRO;75690-000;ETANOL;5,07;R$ / litro;IPIRANGA
CO;GO;CALDAS NOVAS;AUTO POSTO DO TURISTA LTDA - ME; 02.279.387/0001-92;RUA PEDRO BRANCO DE SOUZA;7;QD. 11 LT. 06;CENTRO;75690-000;GASOLINA ADITIVADA;6,97;R$ / litro;IPIRANGA
CO;GO;RIO VERDE;AUTO POSTO ARAUJO CUNHA LTDA; 37.350.733/0001-66;AVENIDA BRASILIA;460;LOTE  03                  QUADRA32;PARQUE BANDEIRANTES;75906-270;GASOLINA;6,99;R$ / litro;IPIRANGA
CO;GO;RIO VERDE;AUTO POSTO ARAUJO CUNHA LTDA; 37.350.733/0001-66;AVENIDA BRASILIA;460;LOTE  03                  QUADRA32;PARQUE BANDEIRANTES;75906-270;ETANOL;5,09;R$ / litro;IPIRANGA
CO;GO;RIO VERDE;AUTO POSTO ARAUJO CUNHA LTDA; 37.350.733/0001-66;AVENIDA BRASILIA;460;LOTE  03                  QUADRA32;PARQUE BANDEIRANTES;75906-270;DIESEL;5,65;R$ / litro;IPIRANGA
CO;GO;RIO VERDE;AUTO POSTO ARAUJO CUNHA LTDA; 37.350.733/0001-66;AVENIDA BRASILIA;460;LOTE  03                  QUADRA32;PARQUE BANDEIRANTES;75906-270;GASOLINA ADITIVADA;7,09;R$ / litro;IPIRANGA
CO;GO;RIO VERDE;AUTO POSTO ARAUJO CUNHA LTDA; 37.350.733/0001-66;AVENIDA BRASILIA;460;LOTE  03                  QUADRA32;PARQUE BANDEIRANTES;75906-270;DIESEL S10;5,65;R$ / litro;IPIRANGA
CO;GO;RIO VERDE;POSTO MORADA DO SOL LTDA; 01.477.306/0001-04;AVENIDA PRESIDENTE VARGAS;S/N;QUADRA07                  LOTE  01/07 E 10 AO 14;ODILIA;75908-844;GASOLINA;6,67;R$ / litro;BRANCA
CO;GO;RIO VERDE;POSTO MORADA DO SOL LTDA; 01.477.306/0001-04;AVENIDA PRESIDENTE VARGAS;S/N;QUADRA07                  LOTE  01/07 E 10 AO 14;ODILIA;75908-844;ETANOL;4,79;R$ / litro;BRANCA
CO;GO;RIO VERDE;POSTO MORADA DO SOL LTDA; 01.477.306/0001-04;AVENIDA PRESIDENTE VARGAS;S/N;QUADRA07                  LOTE  01/07 E 10 AO 14;ODILIA;75908-844;DIESEL;5,38;R$ / litro;BRANCA
CO;GO;TRINDADE;GASOX COMÉRCIO DE COMB. E DERIV. DE PETRÓLEO LTDA; 05.408.311/0001-08;AVENIDA SANTA MARIA;270;QD. 05 - LOTE 3/4;SETOR SUL;75380-000;GASOLINA;6,69;R$ / litro;BRANCA
CO;GO;TRINDADE;GASOX COMÉRCIO DE COMB. E DERIV. DE PETRÓLEO LTDA; 05.408.311/0001-08;AVENIDA SANTA MARIA;270;QD. 05 - LOTE 3/4;SETOR SUL;75380-000;ETANOL;4,79;R$ / litro;BRANCA
CO;GO;TRINDADE;GASOX COMÉRCIO DE COMB. E DERIV. DE PETRÓLEO LTDA; 05.408.311/0001-08;AVENIDA SANTA MARIA;270;QD. 05 - LOTE 3/4;SETOR SUL;75380-000;DIESEL;5,29;R$ / litro;BRANCA
CO;GO;TRINDADE;AUTO POSTO TRINDADE EIRELI; 37.027.224/0001-05;AVENIDA RAIMUNDO DE AQUINO;350;QUADRA14                  LOTE  01;VILA JOAO BRAZ;75388-412;GASOLINA;6,69;R$ / litro;ALESAT
CO;GO;TRINDADE;AUTO POSTO TRINDADE EIRELI; 37.027.224/0001-05;AVENIDA RAIMUNDO DE AQUINO;350;QUADRA14                  LOTE  01;VILA JOAO BRAZ;75388-412;ETANOL;4,79;R$ / litro;ALESAT
CO;GO;TRINDADE;AUTO POSTO TRINDADE EIRELI; 37.027.224/0001-05;AVENIDA RAIMUNDO DE AQUINO;350;QUADRA14                  LOTE  01;VILA JOAO BRAZ;75388-412;DIESEL;5,36;R$ / litro;ALESAT
SE;MG;DIVINOPOLIS;POSTO ABRIL DIVINOPOLIS LTDA.; 05.731.164/0001-02;RODOVIA MG-050;S/N;": L-B-350-PROX. KM.85;";JARDIM DAS MANSOES;35500-423;GASOLINA;6,99;R$ / litro;VIBRA ENERGIA
SE;MG;DIVINOPOLIS;POSTO ABRIL DIVINOPOLIS LTDA.; 05.731.164/0001-02;RODOVIA MG-050;S/N;": L-B-350-PROX. KM.85;";JARDIM DAS MANSOES;35500-423;ETANOL;5,29;R$ / litro;VIBRA ENERGIA
SE;MG;DIVINOPOLIS;POSTO ABRIL DIVINOPOLIS LTDA.; 05.731.164/0001-02;RODOVIA MG-050;S/N;": L-B-350-PROX. KM.85;";JARDIM DAS MANSOES;35500-423;DIESEL;5,29;R$ / litro;VIBRA ENERGIA
SE;MG;DIVINOPOLIS;POSTO ABRIL DIVINOPOLIS LTDA.; 05.731.164/0001-02;RODOVIA MG-050;S/N;": L-B-350-PROX. KM.85;";JARDIM DAS MANSOES;35500-423;DIESEL S10;5,35;R$ / litro;VIBRA ENERGIA
SE;MG;MONTES CLAROS;PRODUCAO COMERCIO DE DERIVADOS DE PETROLEO LTDA; 04.246.589/0001-63;AVENIDA GOV MAGALHAES PINTO;5657;A SALA 01;JARAGUA;39401-708;GASOLINA;6,99;R$ / litro;VIBRA ENERGIA
SE;MG;MONTES CLAROS;PRODUCAO COMERCIO DE DERIVADOS DE PETROLEO LTDA; 04.246.589/0001-63;AVENIDA GOV MAGALHAES PINTO;5657;A SALA 01;JARAGUA;39401-708;ETANOL;4,99;R$ / litro;VIBRA ENERGIA
SE;MG;MONTES CLAROS;PRODUCAO COMERCIO DE DERIVADOS DE PETROLEO LTDA; 04.246.589/0001-63;AVENIDA GOV MAGALHAES PINTO;5657;A SALA 01;JARAGUA;39401-708;DIESEL;5,39;R$ / litro;VIBRA ENERGIA
SE;MG;MONTES CLAROS;PRODUCAO COMERCIO DE DERIVADOS DE PETROLEO LTDA; 04.246.589/0001-63;AVENIDA GOV MAGALHAES PINTO;5657;A SALA 01;JARAGUA;39401-708;GASOLINA ADITIVADA;7,09;R$ / litro;VIBRA ENERGIA
SE;MG;MONTES CLAROS;PRODUCAO COMERCIO DE DERIVADOS DE PETROLEO LTDA; 04.246.589/0001-63;AVENIDA GOV MAGALHAES PINTO;5657;A SALA 01;JARAGUA;39401-708;DIESEL S10;5,59;R$ / litro;VIBRA ENERGIA
SE;MG;PARA DE MINAS;COMÉRCIO RODRIGUES E FARIA LTDA; 86.539.590/0001-40;RUA PEQUI;700; ;SANTOS DUMONT;35660-308;GASOLINA;7,04;R$ / litro;VIBRA ENERGIA
SE;MG;PARA DE MINAS;COMÉRCIO RODRIGUES E FARIA LTDA; 86.539.590/0001-40;RUA PEQUI;700; ;SANTOS DUMONT;35660-308;ETANOL;5,2;R$ / litro;VIBRA ENERGIA
SE;MG;PARA DE MINAS;COMÉRCIO RODRIGUES E FARIA LTDA; 86.539.590/0001-40;RUA PEQUI;700; ;SANTOS DUMONT;35660-308;DIESEL;5,32;R$ / litro;VIBRA ENERGIA
SE;MG;PARA DE MINAS;COMÉRCIO RODRIGUES E FARIA LTDA; 86.539.590/0001-40;RUA PEQUI;700; ;SANTOS DUMONT;35660-308;GASOLINA ADITIVADA;7,13;R$ / litro;VIBRA ENERGIA
SE;MG;PARA DE MINAS;COMÉRCIO RODRIGUES E FARIA LTDA; 86.539.590/0001-40;RUA PEQUI;700; ;SANTOS DUMONT;35660-308;DIESEL S10;5,37;R$ / litro;VIBRA ENERGIA
CO;MT;CUIABA;COMERCIAL DE COMBUSTIVEIS PARAISO EIRELI; 05.391.756/0001-22;AVENIDA JOSE TORQUATO;2,896;HIST. RUBENS MENDONCA;NOVO PARAISO;78055-714;GASOLINA;6,45;R$ / litro;BRANCA
CO;MT;CUIABA;COMERCIAL DE COMBUSTIVEIS PARAISO EIRELI; 05.391.756/0001-22;AVENIDA JOSE TORQUATO;2,896;HIST. RUBENS MENDONCA;NOVO PARAISO;78055-714;ETANOL;4,47;R$ / litro;BRANCA
CO;MT;CUIABA;COMERCIAL DE COMBUSTIVEIS PARAISO EIRELI; 05.391.756/0001-22;AVENIDA JOSE TORQUATO;2,896;HIST. RUBENS MENDONCA;NOVO PARAISO;78055-714;DIESEL;5,57;R$ / litro;BRANCA
CO;MT;CUIABA;COMERCIAL DE COMBUSTIVEIS PARAISO EIRELI; 05.391.756/0001-22;AVENIDA JOSE TORQUATO;2,896;HIST. RUBENS MENDONCA;NOVO PARAISO;78055-714;DIESEL S10;5,67;R$ / litro;BRANCA
CO;MT;CUIABA;COMERCIAL DE COMBUSTIVEIS SANTA EDWIGES LTDA; 01.877.629/0001-87;AVENIDA HIST. RUBENS DE MENDONCA;119;ESQ. C/ AVE. ALENKER;CPA I;78055-000;GASOLINA;6,59;R$ / litro;VIBRA ENERGIA
CO;MT;CUIABA;COMERCIAL DE COMBUSTIVEIS SANTA EDWIGES LTDA; 01.877.629/0001-87;AVENIDA HIST. RUBENS DE MENDONCA;119;ESQ. C/ AVE. ALENKER;CPA I;78055-000;ETANOL;4,69;R$ / litro;VIBRA ENERGIA
CO;MT;CUIABA;COMERCIAL DE COMBUSTIVEIS SANTA EDWIGES LTDA; 01.877.629/0001-87;AVENIDA HIST. RUBENS DE MENDONCA;119;ESQ. C/ AVE. ALENKER;CPA I;78055-000;DIESEL;5,76;R$ / litro;VIBRA ENERGIA
CO;MT;CUIABA;COMERCIAL DE COMBUSTIVEIS SANTA EDWIGES LTDA; 01.877.629/0001-87;AVENIDA HIST. RUBENS DE MENDONCA;119;ESQ. C/ AVE. ALENKER;CPA I;78055-000;GASOLINA ADITIVADA;6,59;R$ / litro;VIBRA ENERGIA
CO;MT;CUIABA;COMERCIAL DE COMBUSTIVEIS SANTA EDWIGES LTDA; 01.877.629/0001-87;AVENIDA HIST. RUBENS DE MENDONCA;119;ESQ. C/ AVE. ALENKER;CPA I;78055-000;DIESEL S10;5,79;R$ / litro;VIBRA ENERGIA
N;PA;ALTAMIRA;COMERCIAL VITORIA LTDA; 05.374.277/0001-06;RUA CORONEL JOSE PORFIRIO;1247;0;CENTRO;68372-040;GASOLINA;6,99;R$ / litro;BRANCA
N;PA;ALTAMIRA;COMERCIAL VITORIA LTDA; 05.374.277/0001-06;RUA CORONEL JOSE PORFIRIO;1247;0;CENTRO;68372-040;DIESEL;5,75;R$ / litro;BRANCA
N;PA;BELEM;ALBINO F. SANTOS & CIA. LTDA.; 05.093.000/0001-05;AVENIDA JOSÉ BONIFÁCIO;1962;A;GUAMA;66063-010;GASOLINA;6,79;R$ / litro;IPIRANGA
N;PA;BELEM;ALBINO F. SANTOS & CIA. LTDA.; 05.093.000/0001-05;AVENIDA JOSÉ BONIFÁCIO;1962;A;GUAMA;66063-010;ETANOL;6,09;R$ / litro;IPIRANGA
N;PA;BELEM;ALBINO F. SANTOS & CIA. LTDA.; 05.093.000/0001-05;AVENIDA JOSÉ BONIFÁCIO;1962;A;GUAMA;66063-010;GASOLINA ADITIVADA;6,89;R$ / litro;IPIRANGA
N;PA;BELEM;ALBINO F. SANTOS & CIA. LTDA.; 05.093.000/0001-05;AVENIDA JOSÉ BONIFÁCIO;1962;A;GUAMA;66063-010;DIESEL S10;5,69;R$ / litro;IPIRANGA
N;PA;BELEM;DUARTE & SANTOS LTDA; 22.960.942/0002-35;AVENIDA PEDRO ALVARES CABRAL;17;PSG SANTOS DUMONT;TELEGRAFO;66050-400;GASOLINA;6,65;R$ / litro;VIBRA ENERGIA
N;PA;BELEM;DUARTE & SANTOS LTDA; 22.960.942/0002-35;AVENIDA PEDRO ALVARES CABRAL;17;PSG SANTOS DUMONT;TELEGRAFO;66050-400;ETANOL;5,99;R$ / litro;VIBRA ENERGIA
N;PA;BELEM;DUARTE & SANTOS LTDA; 22.960.942/0002-35;AVENIDA PEDRO ALVARES CABRAL;17;PSG SANTOS DUMONT;TELEGRAFO;66050-400;GASOLINA ADITIVADA;6,98;R$ / litro;VIBRA ENERGIA
N;PA;BELEM;DUARTE & SANTOS LTDA; 22.960.942/0002-35;AVENIDA PEDRO ALVARES CABRAL;17;PSG SANTOS DUMONT;TELEGRAFO;66050-400;DIESEL S10;5,79;R$ / litro;VIBRA ENERGIA
N;PA;BELEM;POSTO ALIANCA EIRELI; 14.685.994/0001-31;RODOVIA ARTHUR BERNARDES;151;ESQ PEDRO A CABRAL;SACRAMENTA;66825-000;GASOLINA;6,59;R$ / litro;VIBRA ENERGIA
N;PA;BELEM;POSTO ALIANCA EIRELI; 14.685.994/0001-31;RODOVIA ARTHUR BERNARDES;151;ESQ PEDRO A CABRAL;SACRAMENTA;66825-000;ETANOL;6,59;R$ / litro;VIBRA ENERGIA
N;PA;BELEM;POSTO ALIANCA EIRELI; 14.685.994/0001-31;RODOVIA ARTHUR BERNARDES;151;ESQ PEDRO A CABRAL;SACRAMENTA;66825-000;GASOLINA ADITIVADA;7,34;R$ / litro;VIBRA ENERGIA
N;PA;BELEM;POSTO ALIANCA EIRELI; 14.685.994/0001-31;RODOVIA ARTHUR BERNARDES;151;ESQ PEDRO A CABRAL;SACRAMENTA;66825-000;DIESEL S10;5,99;R$ / litro;VIBRA ENERGIA
N;PA;BELEM;POSTO HUMAITA LTDA; 04.319.281/0001-09;TRAVESSA HUMAITA;768;792;PEDREIRA;66083-340;GASOLINA;6,59;R$ / litro;VIBRA ENERGIA
N;PA;BELEM;POSTO HUMAITA LTDA; 04.319.281/0001-09;TRAVESSA HUMAITA;768;792;PEDREIRA;66083-340;ETANOL;5,99;R$ / litro;VIBRA ENERGIA
N;PA;BELEM;POSTO HUMAITA LTDA; 04.319.281/0001-09;TRAVESSA HUMAITA;768;792;PEDREIRA;66083-340;DIESEL S10;5,59;R$ / litro;VIBRA ENERGIA
NE;PB;BAYEUX;ABASTECA COMERCIO DE COMBUSTIVEIS LTDA; 07.211.715/0001-32;RUA FRANCISCO MARQUES DA FONSECA;4047;KM    82 MARGENS DA BR 101;ALTO DA BOA VISTA;58308-001;GASOLINA;6,66;R$ / litro;VIBRA ENERGIA
NE;PB;BAYEUX;ABASTECA COMERCIO DE COMBUSTIVEIS LTDA; 07.211.715/0001-32;RUA FRANCISCO MARQUES DA FONSECA;4047;KM    82 MARGENS DA BR 101;ALTO DA BOA VISTA;58308-001;DIESEL;5,38;R$ / litro;VIBRA ENERGIA
NE;PB;BAYEUX;ABASTECA COMERCIO DE COMBUSTIVEIS LTDA; 07.211.715/0001-32;RUA FRANCISCO MARQUES DA FONSECA;4047;KM    82 MARGENS DA BR 101;ALTO DA BOA VISTA;58308-001;GASOLINA ADITIVADA;6,76;R$ / litro;VIBRA ENERGIA
NE;PB;BAYEUX;ABASTECA COMERCIO DE COMBUSTIVEIS LTDA; 07.211.715/0001-32;RUA FRANCISCO MARQUES DA FONSECA;4047;KM    82 MARGENS DA BR 101;ALTO DA BOA VISTA;58308-001;DIESEL S10;5,49;R$ / litro;VIBRA ENERGIA
NE;PB;BAYEUX;ABASTECA COMERCIO DE COMBUSTIVEIS LTDA; 07.211.715/0001-32;RUA FRANCISCO MARQUES DA FONSECA;4047;KM    82 MARGENS DA BR 101;ALTO DA BOA VISTA;58308-001;GNV;4,87;R$ / m³;VIBRA ENERGIA
NE;PB;BAYEUX;MEGA POSTO DE COMBUSTIVEIS LTDA; 05.325.947/0001-96;RODOVIA BR 101 KM 31;S/N;SALA 02;CENTRO COM. NORTE;58309-600;GASOLINA;6,47;R$ / litro;VIBRA ENERGIA
NE;PB;BAYEUX;MEGA POSTO DE COMBUSTIVEIS LTDA; 05.325.947/0001-96;RODOVIA BR 101 KM 31;S/N;SALA 02;CENTRO COM. NORTE;58309-600;ETANOL;5,09;R$ / litro;VIBRA ENERGIA
NE;PB;BAYEUX;MEGA POSTO DE COMBUSTIVEIS LTDA; 05.325.947/0001-96;RODOVIA BR 101 KM 31;S/N;SALA 02;CENTRO COM. NORTE;58309-600;DIESEL;5,39;R$ / litro;VIBRA ENERGIA
NE;PB;BAYEUX;MEGA POSTO DE COMBUSTIVEIS LTDA; 05.325.947/0001-96;RODOVIA BR 101 KM 31;S/N;SALA 02;CENTRO COM. NORTE;58309-600;DIESEL S10;5,49;R$ / litro;VIBRA ENERGIA
